<?xml version="1.0" encoding="UTF-8"?>
<project-private xmlns="http://www.netbeans.org/ns/project-private/1">
    <editor-bookmarks xmlns="http://www.netbeans.org/ns/editor-bookmarks/2" lastBookmarkId="0"/>
    <open-files xmlns="http://www.netbeans.org/ns/projectui-open-files/2">
        <group>
            <file>file:/Users/zhaopeng/projects/HCharts/app/views/reports/toolbar.phtml</file>
            <file>file:/Users/zhaopeng/projects/HCharts/app/views/index/index.phtml</file>
            <file>file:/Users/zhaopeng/projects/HCharts/app/views/reports/monthCoreTarget.phtml</file>
            <file>file:/Users/zhaopeng/projects/HCharts/public/js/global.js</file>
        </group>
    </open-files>
</project-private>
